{
  "input_shape": [
    100,
    6
  ],
  "channels": [
    "acc_x",
    "acc_y",
    "acc_z",
    "gyro_x",
    "gyro_y",
    "gyro_z"
  ],
  "sample_rate_hz": 50,
  "threshold": 0.44999999999999996,
  "smoothing": {
    "window": 5,
    "min_pos": 2
  },
  "scaler_mean": [
    0.05667110613179762,
    5.911680678370071,
    0.5610938561314972,
    -0.031114601555315126,
    -0.0008369130885314602,
    0.01380502573391115
  ],
  "scaler_scale": [
    3.970888805410579,
    7.118064766651022,
    4.0089694395123905,
    1.1180749305106135,
    1.1340957271611183,
    0.6986439334466646
  ]
}